{
    "metadata":{
        "faces":52,
        "normals":24,
        "uvs":1,
        "version":3,
        "generator":"io_three",
        "vertices":48,
        "type":"Geometry"
    },
    "faces":[41,13,0,10,21,0,1,2,3,0,1,2,3,41,26,27,30,35,4,5,6,7,4,5,6,7,41,5,16,20,7,8,9,10,11,8,9,10,11,41,8,19,22,9,12,13,14,15,12,13,14,15,41,14,23,18,15,16,17,18,19,16,17,18,19,41,1,12,17,4,20,21,22,23,20,21,22,23,41,37,24,34,45,24,25,26,27,0,1,2,3,41,29,40,44,31,28,29,30,31,8,9,10,11,41,32,43,46,33,32,33,34,35,12,13,14,15,41,38,47,42,39,36,37,38,39,16,17,18,19,41,25,36,41,28,40,41,42,43,20,21,22,23,40,0,1,2,1,44,45,1,20,4,40,3,4,5,46,23,47,5,23,8,40,6,7,8,48,11,49,6,11,12,40,9,10,11,15,50,51,15,2,7,40,12,13,14,52,53,16,21,0,16,40,15,16,17,19,54,55,19,9,22,40,18,19,20,56,57,58,18,13,10,40,21,22,23,59,14,60,3,14,17,40,24,25,26,61,62,63,1,20,4,40,27,28,29,64,65,66,5,23,8,40,30,31,32,67,68,69,6,11,12,40,33,34,35,70,71,72,15,2,7,40,36,37,38,73,74,75,21,0,16,40,39,40,41,76,77,78,19,9,22,40,42,43,44,79,80,81,18,13,10,40,45,46,47,82,83,84,3,14,17,41,1,4,3,2,20,23,46,85,20,23,5,4,41,10,0,2,11,88,89,86,87,2,1,4,7,41,0,13,12,1,1,0,90,44,1,0,21,20,41,5,7,6,3,8,11,48,91,8,11,6,5,41,4,17,16,5,23,22,92,47,23,22,9,8,41,8,9,11,6,12,15,51,93,12,15,7,6,41,7,20,19,8,11,10,94,49,11,10,13,12,41,9,22,21,10,15,14,59,50,15,14,3,2,41,14,15,17,12,16,19,55,52,16,19,22,21,41,13,21,23,14,0,3,85,95,0,3,17,16,41,15,18,20,16,19,18,96,54,19,18,10,9,41,18,23,22,19,18,17,97,98,18,17,14,13,41,25,28,27,26,99,100,5,4,20,23,5,4,41,26,35,34,24,4,7,101,102,4,7,2,1,41,24,37,36,25,25,24,103,104,1,0,21,20,41,29,31,30,27,105,68,67,106,8,11,6,5,41,28,41,40,29,65,107,108,66,23,22,9,8,41,32,33,35,30,109,70,72,110,12,15,7,6,41,31,44,43,32,31,30,111,112,11,10,13,12,41,33,46,45,34,35,34,113,114,15,14,3,2,41,38,39,41,36,75,76,78,73,16,19,22,21,41,37,45,47,38,74,82,84,75,0,3,17,16,41,39,42,44,40,76,79,81,77,19,18,10,9,41,42,47,46,43,79,84,83,80,18,17,14,13,41,2,3,6,11,86,115,116,87,4,5,6,7],
    "normals":[0.159703,0.496872,-0.852962,0.159703,-0.496872,-0.852962,-0.159703,-0.496872,-0.852962,-0.159703,0.496872,-0.852962,0.09479,-0.969543,-0.225715,0.09479,-0.969543,0.225715,-0.09479,-0.969543,0.225715,-0.09479,-0.969543,-0.225715,0.159703,-0.496872,0.852962,0.159703,0.496872,0.852962,-0.159703,0.496872,0.852962,-0.159703,-0.496872,0.852962,-0.708701,-0.535081,0.459792,-0.708701,0.535081,0.459792,-0.708701,0.535081,-0.459792,-0.708701,-0.535081,-0.459792,0.09479,0.969543,-0.225715,-0.09479,0.969543,-0.225715,-0.09479,0.969543,0.225715,0.09479,0.969543,0.225715,0.708701,-0.535081,-0.459792,0.708701,0.535081,-0.459792,0.708701,0.535081,0.459792,0.708701,-0.535081,0.459792],
    "uvs":[[0.670373,0.61553,0.670373,0.427741,0.857914,0.427741,0.857914,0.61553,0.845606,0.834618,1,0.834618,1,0.989567,0.845606,0.989567,0.330328,0.879213,0.330328,0.691424,0.517868,0.691424,0.517868,0.879213,0.659954,0.406876,0.659955,0.219087,0.847495,0.219087,0.847495,0.406876,0.670373,0.198222,0.670373,0.010433,0.857914,0.010433,0.857914,0.198222,0.857914,0.636396,0.857914,0.824185,0.670373,0.824185,0.670373,0.636396,0.192486,0,0.192486,1,0,1,0,0,0.410891,0,0.410891,1,0.218406,1,0.218406,0,0.615901,0,0.615901,1,0.423851,1,0.423851,0,1,0,1,0.227535,0.807951,0.227535,0.80795,0,0.80795,0,0.80795,1,0.615901,1,0.615901,0,0.659955,0.427741,0.670373,0.417309,0.670373,0.625963,0.659954,0.636396,0.517869,0.889646,0.528287,0.879213,0.857914,0.406876,0.847495,0.417309,0.670373,0.208654,0.659954,0.198222,0.868333,0.198222,0.857914,0.208654,0.007367,0.706178,0,0.698801,0.007367,0.691424,0.857914,0.219087,0.847495,0.208654,0.010419,0.010433,0,0.010433,0.010419,0,0.649536,0.691424,0.649536,0.680991,0.659954,0.680991,0.175583,0,0.175583,0.010433,0.165164,0.010433,0.340747,0.010433,0.330328,0.010433,0.340747,0,0.824768,0.824185,0.835187,0.834618,0.824768,0.834618,0.670373,0.834618,0.659954,0.834618,0.670373,0.824185,0.670373,0.989567,0.670373,1,0.659954,0.989567,0.835187,0.989567,0.824768,1,0.824768,0.989567,0.857914,0.625963,0.330328,0.701857,0.142787,0.701857,0.142787,0.691424,0.330328,0.691424,0.659954,0.61553,0.330328,0.889646,0.659954,0.824185,0.659954,0.417309,0.528287,0.691424,0.670373,0.625963,0.868333,0.010433,0.670373,0,0.857914,0,0.845606,0.824185,1,0.824185,0.835187,0.989567,0.835187,0.834618,0.205446,0,0.205446,1,0.330328,0.010433,0.330328,0,0.649536,0,0.659954,0,0.495141,0.010433,0.495141,0,0.205446,1,0.205446,0,0.410891,1,0.410891,0,0.330328,0.889646,0.142787,0.889646]],
    "vertices":[2.6756,0.036414,-1.18916,2.97289,0.036414,-1.07024,2.6756,-0.023044,-1.07024,2.6756,-0.023044,1.07024,2.97289,0.036414,1.07024,2.6756,0.036414,1.18916,-2.6756,-0.023044,1.07024,-2.6756,0.036414,1.18916,-2.97289,0.036414,1.07024,-2.97289,0.036414,-1.07024,-2.6756,0.036414,-1.18916,-2.6756,-0.023044,-1.07024,2.97289,1.10665,-1.07024,2.6756,1.10665,-1.18915,2.6756,1.16611,-1.07024,2.6756,1.16611,1.07024,2.6756,1.10665,1.18916,2.97289,1.10665,1.07024,-2.6756,1.16611,1.07024,-2.97289,1.10665,1.07024,-2.6756,1.10665,1.18916,-2.6756,1.10665,-1.18916,-2.97289,1.10665,-1.07024,-2.6756,1.16611,-1.07024,2.20771,1.21109,-0.999999,2.505,1.21109,-0.881084,2.20771,1.15163,-0.881084,2.20771,1.15163,0.881084,2.505,1.21109,0.881084,2.20771,1.21109,1,-2.20771,1.15163,0.881084,-2.20771,1.21109,0.999999,-2.505,1.21109,0.881084,-2.505,1.21109,-0.881084,-2.20771,1.21109,-1,-2.20771,1.15163,-0.881084,2.505,5.09217,-0.881083,2.20771,5.09217,-0.999999,2.20771,5.15163,-0.881083,2.20771,5.15163,0.881084,2.20771,5.09217,1,2.505,5.09217,0.881084,-2.20771,5.15163,0.881083,-2.505,5.09217,0.881083,-2.20771,5.09217,0.999999,-2.20771,5.09217,-1,-2.505,5.09217,-0.881084,-2.20771,5.15163,-0.881084],
    "name":"Cube.002Geometry"
}